{"cameraMode":{"drawMode":0,"name":"Shaded","section":"Shading Mode"},"sceneLighting":true,"audioPlay":false,"sceneViewState":{"showFog":false,"showMaterialUpdate":false,"showSkybox":false,"showFlares":false,"showImageEffects":false,"showParticleSystems":true},"in2DMode":false,"pivot":{"x":-0.48598432540893557,"y":1.3379926681518555,"z":-0.2381572723388672},"rotation":{"x":-0.05836153030395508,"y":0.9281571507453919,"z":-0.16488124430179597,"w":-0.32853129506111147},"size":10.0,"orthographic":false}