{"cameraMode":{"drawMode":0,"name":"Shaded","section":"Shading Mode"},"sceneLighting":true,"audioPlay":false,"sceneViewState":{"showFog":false,"showMaterialUpdate":false,"showSkybox":false,"showFlares":false,"showImageEffects":false,"showParticleSystems":true},"in2DMode":false,"pivot":{"x":-0.00003594160079956055,"y":1.0000215768814088,"z":0.06363147497177124},"rotation":{"x":0.015063134022057057,"y":0.8252159953117371,"z":0.02203008346259594,"w":-0.5641952753067017},"size":1.7088112831115723,"orthographic":false}