{"cameraMode":{"drawMode":0,"name":"Shaded","section":"Shading Mode"},"sceneLighting":true,"audioPlay":false,"sceneViewState":{"showFog":false,"showMaterialUpdate":false,"showSkybox":false,"showFlares":false,"showImageEffects":false,"showParticleSystems":true},"in2DMode":false,"pivot":{"x":-15.113168716430664,"y":7.2273101806640629,"z":49.82895278930664},"rotation":{"x":0.652790367603302,"y":-0.011547151021659375,"z":0.01006732415407896,"w":0.7574666142463684},"size":125.03543853759766,"orthographic":false}