{"cameraMode":{"drawMode":0,"name":"Shaded","section":"Shading Mode"},"sceneLighting":true,"audioPlay":false,"sceneViewState":{"showFog":false,"showMaterialUpdate":false,"showSkybox":false,"showFlares":false,"showImageEffects":false,"showParticleSystems":true},"in2DMode":false,"pivot":{"x":-0.2178209125995636,"y":1.6773611307144166,"z":19.50149917602539},"rotation":{"x":0.030351422727108,"y":0.8869757652282715,"z":-0.0589013397693634,"w":0.4570457935333252},"size":8.345943450927735,"orthographic":false}