{"cameraMode":{"drawMode":0,"name":"Shaded","section":"Shading Mode"},"sceneLighting":false,"audioPlay":false,"sceneViewState":{"showFog":false,"showMaterialUpdate":false,"showSkybox":false,"showFlares":false,"showImageEffects":false,"showParticleSystems":true},"in2DMode":false,"pivot":{"x":0.3789999783039093,"y":-0.18592426180839539,"z":0.6229999661445618},"rotation":{"x":-0.02248302288353443,"y":0.9760288000106812,"z":-0.17791974544525147,"w":-0.12333614379167557},"size":0.6712476015090942,"orthographic":false}