{"cameraMode":{"drawMode":0,"name":"Shaded","section":"Shading Mode"},"sceneLighting":true,"audioPlay":false,"sceneViewState":{"showFog":false,"showMaterialUpdate":false,"showSkybox":false,"showFlares":false,"showImageEffects":false,"showParticleSystems":true},"in2DMode":false,"pivot":{"x":-4.061702728271484,"y":0.1336517333984375,"z":47.15991973876953},"rotation":{"x":-0.40211209654808047,"y":0.5376853942871094,"z":-0.3249831199645996,"w":-0.6661598086357117},"size":95.68446350097656,"orthographic":false}