{"cameraMode":{"drawMode":0,"name":"Shaded","section":"Shading Mode"},"sceneLighting":true,"audioPlay":false,"sceneViewState":{"showFog":false,"showMaterialUpdate":false,"showSkybox":false,"showFlares":false,"showImageEffects":false,"showParticleSystems":true},"in2DMode":false,"pivot":{"x":0.05962252616882324,"y":0.7878568172454834,"z":0.9460268020629883},"rotation":{"x":-0.11393329501152039,"y":0.6500147581100464,"z":-0.09944344311952591,"w":-0.7447249889373779},"size":1.3410820960998536,"orthographic":false}