{"cameraMode":{"drawMode":0,"name":"Shaded","section":"Shading Mode"},"sceneLighting":true,"audioPlay":false,"sceneViewState":{"showFog":false,"showMaterialUpdate":false,"showSkybox":false,"showFlares":false,"showImageEffects":false,"showParticleSystems":true},"in2DMode":false,"pivot":{"x":49.78401184082031,"y":-52.8834342956543,"z":24.33440589904785},"rotation":{"x":0.6285585761070252,"y":-0.018245041370391847,"z":0.01478898711502552,"w":0.7775914669036865},"size":119.52513885498047,"orthographic":false}